SELECT 'CREATE DATABASE crm_thiago_adv WITH ENCODING ''UTF8'''
WHERE NOT EXISTS (
    SELECT 1 FROM pg_database WHERE datname = 'crm_thiago_adv'
)\gexec

\connect crm_thiago_adv

DROP VIEW IF EXISTS vw_painel_servicos;
DROP TABLE IF EXISTS movimentacoes;
DROP TABLE IF EXISTS servicos_juridicos;
DROP TABLE IF EXISTS clientes;
DROP TABLE IF EXISTS responsaveis;

CREATE TABLE responsaveis (
    id INTEGER GENERATED BY DEFAULT AS IDENTITY PRIMARY KEY,
    nome VARCHAR(160) NOT NULL,
    oab VARCHAR(30),
    email VARCHAR(160),
    telefone VARCHAR(30),
    ativo BOOLEAN NOT NULL DEFAULT TRUE,
    criado_em TIMESTAMP(0) NOT NULL DEFAULT CURRENT_TIMESTAMP
);

CREATE TABLE clientes (
    id INTEGER GENERATED BY DEFAULT AS IDENTITY PRIMARY KEY,
    nome VARCHAR(180) NOT NULL,
    cpf VARCHAR(20) NOT NULL,
    telefone VARCHAR(30) NOT NULL,
    email VARCHAR(160) NOT NULL,
    observacoes TEXT,
    criado_em TIMESTAMP(0) NOT NULL DEFAULT CURRENT_TIMESTAMP,
    atualizado_em TIMESTAMP(0),
    CONSTRAINT uq_clientes_cpf UNIQUE (cpf)
);

CREATE TABLE servicos_juridicos (
    id INTEGER GENERATED BY DEFAULT AS IDENTITY PRIMARY KEY,
    cliente_id INTEGER NOT NULL REFERENCES clientes(id),
    responsavel_id INTEGER REFERENCES responsaveis(id),
    tipo VARCHAR(40) NOT NULL,
    status VARCHAR(30) NOT NULL DEFAULT 'Ativo',
    honorarios NUMERIC(12,2) NOT NULL DEFAULT 0,
    data_abertura DATE NOT NULL DEFAULT CURRENT_DATE,
    proximo_passo VARCHAR(500) NOT NULL,
    observacoes TEXT,
    criado_em TIMESTAMP(0) NOT NULL DEFAULT CURRENT_TIMESTAMP,
    atualizado_em TIMESTAMP(0),
    CONSTRAINT ck_servicos_tipo CHECK (tipo IN ('Consultoria', 'Processo', 'Contrato', 'Audiencia', 'Planejamento')),
    CONSTRAINT ck_servicos_status CHECK (status IN ('Ativo', 'Aguardando', 'Concluido')),
    CONSTRAINT ck_servicos_honorarios CHECK (honorarios >= 0)
);

CREATE TABLE movimentacoes (
    id INTEGER GENERATED BY DEFAULT AS IDENTITY PRIMARY KEY,
    servico_id INTEGER NOT NULL REFERENCES servicos_juridicos(id) ON DELETE CASCADE,
    titulo VARCHAR(160) NOT NULL,
    descricao TEXT NOT NULL,
    data_movimentacao TIMESTAMP(0) NOT NULL DEFAULT CURRENT_TIMESTAMP
);

CREATE INDEX ix_clientes_nome ON clientes(nome);
CREATE INDEX ix_servicos_status ON servicos_juridicos(status);
CREATE INDEX ix_servicos_tipo ON servicos_juridicos(tipo);
CREATE INDEX ix_servicos_cliente_id ON servicos_juridicos(cliente_id);

INSERT INTO responsaveis (id, nome, oab, email, telefone)
VALUES
    (1, 'Dra. Helena Martins', 'OAB/SP 000.001', 'helena@exemplo.com', '(15) 90000-1001'),
    (2, 'Dr. Thiago Andrade', 'OAB/SP 000.002', 'thiago@exemplo.com', '(15) 90000-1002');

INSERT INTO clientes (id, nome, cpf, telefone, email, observacoes)
VALUES
    (1, 'Mariana Lopes', '123.456.789-10', '(15) 99124-3321', 'mariana.lopes@email.com', 'Cliente enviou documentos por email. Falta comprovante de vinculo rural.'),
    (2, 'Carlos Eduardo Silva', '987.654.321-00', '(11) 99888-1200', 'carlos.silva@email.com', 'Prazo interno para retorno ao cliente em 7 dias.'),
    (3, 'Renata Alves', '321.654.987-42', '(21) 98765-0098', 'renata.alves@email.com', 'Cliente prefere contato por WhatsApp.'),
    (4, 'Joao Batista Ferreira', '456.789.123-80', '(31) 95555-7812', 'joao.ferreira@email.com', 'Audiencia realizada com acordo homologado.');

INSERT INTO servicos_juridicos (
    id,
    cliente_id,
    responsavel_id,
    tipo,
    status,
    honorarios,
    data_abertura,
    proximo_passo,
    observacoes
)
VALUES
    (1, 1, 1, 'Planejamento', 'Ativo', 2400.00, '2026-05-09', 'Revisar CNIS e simular melhor data de aposentadoria', 'Falta comprovante de vinculo rural.'),
    (2, 2, 2, 'Processo', 'Aguardando', 5600.00, '2026-05-14', 'Aguardar decisao administrativa do INSS', 'Retorno ao cliente em 7 dias.'),
    (3, 3, 1, 'Contrato', 'Ativo', 1800.00, '2026-05-20', 'Enviar minuta contratual para aprovacao', 'Prioridade media.'),
    (4, 4, 2, 'Audiencia', 'Concluido', 3200.00, '2026-04-28', 'Arquivar comprovantes e enviar recibo final', 'Acordo homologado.');

INSERT INTO movimentacoes (servico_id, titulo, descricao)
VALUES
    (1, 'Documentos recebidos', 'Cliente enviou CNIS, RG, CPF e carteira de trabalho digital.'),
    (2, 'Protocolo administrativo', 'Pedido administrativo protocolado e aguardando analise.'),
    (3, 'Minuta em elaboracao', 'Contrato em fase de revisao antes do envio.'),
    (4, 'Acordo homologado', 'Audiencia concluida com acordo homologado.');

SELECT setval(pg_get_serial_sequence('responsaveis', 'id'), COALESCE((SELECT MAX(id) FROM responsaveis), 1), true);
SELECT setval(pg_get_serial_sequence('clientes', 'id'), COALESCE((SELECT MAX(id) FROM clientes), 1), true);
SELECT setval(pg_get_serial_sequence('servicos_juridicos', 'id'), COALESCE((SELECT MAX(id) FROM servicos_juridicos), 1), true);
SELECT setval(pg_get_serial_sequence('movimentacoes', 'id'), COALESCE((SELECT MAX(id) FROM movimentacoes), 1), true);

CREATE VIEW vw_painel_servicos AS
SELECT
    s.id AS servico_id,
    c.id AS cliente_id,
    c.nome AS cliente,
    c.cpf,
    c.telefone,
    c.email,
    s.tipo,
    s.status,
    s.honorarios,
    s.data_abertura,
    r.nome AS responsavel,
    s.proximo_passo,
    s.observacoes
FROM servicos_juridicos s
INNER JOIN clientes c ON c.id = s.cliente_id
LEFT JOIN responsaveis r ON r.id = s.responsavel_id;

